{
  "about": {
    "subtitle": "一緒に造る温かい地域社会",
    "tagline": "子どもから高齢者まで、すべての人のために",
    "description": [
      "私たちBring Up Japanは、34か国で活動するBring Up Internationalの日本支部として、2019年4月にスタートしました。2023年6月4日に事業本部として発足され、2025年6月2日に「認定NPO法人Bring Up Japan」として正式に登録されました。",
      "地域共同体の復興と温かい分かち合いを実践するために、日本全国の恵まれない地域に住む人々に仕えています。教育・文化・ケア活動を通じて、地域の住民たちの笑顔を見るように励んでいます。",
      "2023年3月からグレース子ども食堂として再開した活動を皮切りに、グレース・シルバーサロン、ママCaféグレース、グレース・ロボキャンプ、ホームレス支援活動など、様々な事業を展開しています。",
      "私たちは、夢を見る人、考える人の行動を待っています。ボランティアを随時募集しています。"
    ]
  },
  "history": [
    {
      "date": "2019-04",
      "text": "韓国社団法人Bring Up Internationalの協力国としてスタート"
    },
    {
      "date": "2023-03-07",
      "text": "グレース子ども食堂がスタート"
    },
    {
      "date": "2023-06-04",
      "text": "事業本部として発足 / 事業本部長：朴斗熙 / フィールドマネージャー：横山ゆり"
    },
    {
      "date": "2023-09-07",
      "text": "グレース・シルバーサロンがスタート"
    },
    {
      "date": "2024-11-20",
      "text": "ママCaféグレースがスタート"
    },
    {
      "date": "2025-06-02",
      "text": "特定非営利活動法人Bring Up Japanとして承認"
    },
    {
      "date": "2025-09-23",
      "text": "第1回グレース・ロボキャンプを実施"
    }
  ],
  "activities": [
    {
      "title": "グレース子ども食堂",
      "icon": "fa-utensils",
      "details": {
        "頻度": "毎月1回 第2週目火曜日",
        "時間": "PM 6:00～7:30",
        "参加費": "中学生以下無料、高校生以上300円"
      },
      "content": "内容：食事、マジックショーまたはお楽しみ会。帰りに手土産がある場合もあります。",
      "images": [
        "img-001",
        "img-002"
      ]
    },
    {
      "title": "グレース・シルバーサロン",
      "icon": "fa-users",
      "details": {
        "頻度": "毎月2回 第1、3週目木曜日",
        "時間": "PM 1:30～3:00",
        "参加費": "200円（お茶菓子提供）"
      },
      "content": "内容：健康体操、脳トレーニング、クラフト、回想法など。福祉会館から認知予防リーダーが派遣されます。",
      "images": [
        "img-003",
        "img-004"
      ]
    },
    {
      "title": "ママCaféグレース",
      "icon": "fa-coffee",
      "details": {
        "頻度": "年4回 水曜日",
        "時間": "AM 11:30～PM 2:00",
        "参加費": "300円"
      },
      "content": "内容：食事、ちょっとした活動。トーク、ミニバザー、クラフトなど。近隣のお母さんたちがママ友になり、情報交換ができます。",
      "images": [
        "img-005",
        "img-006"
      ]
    },
    {
      "title": "グレース・ロボキャンプ",
      "icon": "fa-robot",
      "details": {
        "対象": "小学4年生～中学生"
      },
      "content": "内容：自分でロボットを組み立てて、パソコンでプログラミングをし、実際に動かして見る。",
      "images": [
        "img-007",
        "img-008"
      ]
    },
    {
      "title": "ホームレス支援活動",
      "icon": "fa-heart",
      "details": {
        "景雲橋": "年2回（イースター＆12月）",
        "名古屋市": "越冬委員会活動支援（12月末）"
      },
      "content": "内容：地域でホームレスのために働いているところを協力、支援しています。",
      "images": [
        "img-009",
        "img-010"
      ]
    }
  ],
  "news": [
    {
      "date": "2025-10-22",
      "title": "第5回 ママCaféグレース開催",
      "time": "AM 11:30～PM 2:00",
      "fee": "300円",
      "content": "今月のママCaféグレースを開催いたします。近隣のお母さんたちとの交流と情報交換の場として、皆様のご参加をお待ちしています。"
    },
    {
      "date": "2025-10-14",
      "title": "グレース子ども食堂 10月実施",
      "time": "PM 6:00～7:30",
      "fee": "中学生以下無料、高校生以上300円",
      "content": "10月の子ども食堂を実施いたします。お友達と一緒に、美味しい食事とお楽しみ会をご楽しみください。手土産もご用意しています。"
    },
    {
      "date": "2025-10-09",
      "title": "グレース・シルバーサロン 10月実施",
      "time": "PM 1:30～3:00",
      "fee": "200円（お茶菓子提供）",
      "content": "10月のシルバーサロンを開催いたします。健康体操や脳トレーニングなど、楽しい活動を予定しています。お気軽にご参加ください。"
    },
    {
      "date": "2025-09-23",
      "title": "グレース・ロボキャンプ 開催完了",
      "content": "第1回グレース・ロボキャンプが無事終了いたしました。参加いただいた児童の皆さん、保護者の皆さん、ありがとうございました。次回開催予定もお楽しみに。"
    },
    {
      "date": "2025-06-02",
      "title": "認定NPO法人認定取得",
      "content": "特定非営利活動法人Bring Up Japanが認定NPO法人として正式に登録されました。引き続き、地域社会への貢献に努めてまいります。"
    }
  ],
  "access": {
    "address": "〒464-0076 愛知県名古屋市千種区豊年町８－３",
    "phone": "052-890-2174",
    "email": "nihonski@gmail.com",
    "person": "横山ゆり",
    "facebook": "https://www.facebook.com/groups/bringupjapan"
  }
}